timestamp, clocks.current.sm [MHz], clocks.current.memory [MHz], power.draw [W], temperature.gpu
2026/09/11 14:13:09.246, 120 MHz, 3996 MHz, 188.60 W, 31
2026/09/11 14:13:09.351, 120 MHz, 3996 MHz, 188.59 W, 31
2026/09/11 14:13:09.451, 120 MHz, 3996 MHz, 188.72 W, 31
2026/09/11 14:13:09.551, 787 MHz, 3996 MHz, 189.17 W, 31
2026/09/11 14:13:09.651, 787 MHz, 3996 MHz, 190.01 W, 31
2026/09/11 14:13:09.752, 787 MHz, 3996 MHz, 190.60 W, 31
2026/09/11 14:13:09.852, 787 MHz, 3996 MHz, 191.32 W, 31
2026/09/11 14:13:09.952, 1965 MHz, 3996 MHz, 196.48 W, 31
2026/09/11 14:13:10.052, 1965 MHz, 3996 MHz, 202.57 W, 32
2026/09/11 14:13:10.152, 1965 MHz, 3996 MHz, 220.10 W, 33
2026/09/11 14:13:10.252, 1965 MHz, 3996 MHz, 242.33 W, 34
2026/09/11 14:13:10.352, 1965 MHz, 3996 MHz, 272.68 W, 36
2026/09/11 14:13:10.452, 1965 MHz, 3996 MHz, 281.28 W, 33
2026/09/11 14:13:10.552, 1965 MHz, 3996 MHz, 287.18 W, 33
2026/09/11 14:13:10.652, 1965 MHz, 3996 MHz, 292.75 W, 33
2026/09/11 14:13:10.752, 1965 MHz, 3996 MHz, 298.24 W, 33
2026/09/11 14:13:10.853, 1965 MHz, 3996 MHz, 305.49 W, 32
2026/09/11 14:13:10.953, 1965 MHz, 3996 MHz, 305.63 W, 32
2026/09/11 14:13:11.053, 1965 MHz, 3996 MHz, 304.67 W, 32
2026/09/11 14:13:11.153, 1965 MHz, 3996 MHz, 295.14 W, 32
2026/09/11 14:13:11.253, 1965 MHz, 3996 MHz, 294.93 W, 34
2026/09/11 14:13:11.353, 1965 MHz, 3996 MHz, 284.00 W, 34
2026/09/11 14:13:11.453, 1965 MHz, 3996 MHz, 300.18 W, 35
2026/09/11 14:13:11.553, 1965 MHz, 3996 MHz, 301.76 W, 33
2026/09/11 14:13:11.653, 1965 MHz, 3996 MHz, 301.76 W, 33
2026/09/11 14:13:11.754, 1965 MHz, 3996 MHz, 302.08 W, 33
2026/09/11 14:13:11.854, 1965 MHz, 3996 MHz, 302.10 W, 33
2026/09/11 14:13:11.954, 1965 MHz, 3996 MHz, 301.20 W, 33
2026/09/11 14:13:12.054, 1965 MHz, 3996 MHz, 302.14 W, 33
2026/09/11 14:13:12.154, 1965 MHz, 3996 MHz, 301.26 W, 33
2026/09/11 14:13:12.254, 1965 MHz, 3996 MHz, 296.85 W, 34
2026/09/11 14:13:12.354, 1965 MHz, 3996 MHz, 294.54 W, 34
2026/09/11 14:13:12.454, 1965 MHz, 3996 MHz, 291.82 W, 35
2026/09/11 14:13:12.554, 1965 MHz, 3996 MHz, 305.44 W, 34
2026/09/11 14:13:12.654, 1965 MHz, 3996 MHz, 304.59 W, 33
2026/09/11 14:13:12.755, 1965 MHz, 3996 MHz, 304.47 W, 33
2026/09/11 14:13:12.855, 1965 MHz, 3996 MHz, 305.65 W, 33
2026/09/11 14:13:12.955, 1965 MHz, 3996 MHz, 305.65 W, 33
2026/09/11 14:13:13.055, 1965 MHz, 3996 MHz, 304.59 W, 33
2026/09/11 14:13:13.155, 1965 MHz, 3996 MHz, 304.54 W, 33
2026/09/11 14:13:13.255, 1965 MHz, 3996 MHz, 300.62 W, 33
2026/09/11 14:13:13.355, 1965 MHz, 3996 MHz, 299.02 W, 34
2026/09/11 14:13:13.455, 1965 MHz, 3996 MHz, 300.88 W, 35
2026/09/11 14:13:13.555, 1965 MHz, 3996 MHz, 300.88 W, 35
2026/09/11 14:13:13.655, 1965 MHz, 3996 MHz, 299.92 W, 35
2026/09/11 14:13:13.755, 1965 MHz, 3996 MHz, 299.87 W, 34
2026/09/11 14:13:13.856, 1965 MHz, 3996 MHz, 300.00 W, 33
2026/09/11 14:13:13.956, 1965 MHz, 3996 MHz, 300.80 W, 33
2026/09/11 14:13:14.056, 1965 MHz, 3996 MHz, 299.98 W, 33
2026/09/11 14:13:14.156, 1965 MHz, 3996 MHz, 300.84 W, 33
2026/09/11 14:13:14.256, 1965 MHz, 3996 MHz, 300.84 W, 33
2026/09/11 14:13:14.356, 1965 MHz, 3996 MHz, 294.95 W, 33
2026/09/11 14:13:14.456, 1965 MHz, 3996 MHz, 294.25 W, 34
2026/09/11 14:13:14.556, 1965 MHz, 3996 MHz, 294.47 W, 35
2026/09/11 14:13:14.656, 1965 MHz, 3996 MHz, 305.38 W, 35
2026/09/11 14:13:14.756, 1965 MHz, 3996 MHz, 305.94 W, 34
2026/09/11 14:13:14.857, 1965 MHz, 3996 MHz, 306.11 W, 33
2026/09/11 14:13:14.957, 1965 MHz, 3996 MHz, 305.10 W, 33
2026/09/11 14:13:15.057, 1965 MHz, 3996 MHz, 305.11 W, 33
2026/09/11 14:13:15.157, 1965 MHz, 3996 MHz, 305.13 W, 33
2026/09/11 14:13:15.257, 1965 MHz, 3996 MHz, 305.15 W, 33
2026/09/11 14:13:15.357, 1965 MHz, 3996 MHz, 303.61 W, 33
2026/09/11 14:13:15.457, 1965 MHz, 3996 MHz, 299.74 W, 33
2026/09/11 14:13:15.557, 1965 MHz, 3996 MHz, 299.73 W, 34
2026/09/11 14:13:15.657, 1965 MHz, 3996 MHz, 292.21 W, 35
2026/09/11 14:13:15.758, 1965 MHz, 3996 MHz, 300.08 W, 35
2026/09/11 14:13:15.858, 1965 MHz, 3996 MHz, 299.98 W, 34
2026/09/11 14:13:15.958, 1965 MHz, 3996 MHz, 299.90 W, 34
2026/09/11 14:13:16.058, 1965 MHz, 3996 MHz, 299.95 W, 33
2026/09/11 14:13:16.158, 1965 MHz, 3996 MHz, 300.02 W, 33
2026/09/11 14:13:16.258, 1965 MHz, 3996 MHz, 300.01 W, 33
2026/09/11 14:13:16.358, 1965 MHz, 3996 MHz, 299.94 W, 33
2026/09/11 14:13:16.458, 1965 MHz, 3996 MHz, 292.31 W, 33
2026/09/11 14:13:16.559, 1965 MHz, 3996 MHz, 292.12 W, 34
2026/09/11 14:13:16.659, 1965 MHz, 3996 MHz, 292.02 W, 35
2026/09/11 14:13:16.759, 1965 MHz, 3996 MHz, 299.77 W, 35
2026/09/11 14:13:16.859, 1965 MHz, 3996 MHz, 300.13 W, 34
2026/09/11 14:13:16.959, 1965 MHz, 3996 MHz, 300.14 W, 34
2026/09/11 14:13:17.059, 1965 MHz, 3996 MHz, 300.30 W, 33
2026/09/11 14:13:17.159, 1965 MHz, 3996 MHz, 300.32 W, 33
2026/09/11 14:13:17.259, 1965 MHz, 3996 MHz, 299.40 W, 33
2026/09/11 14:13:17.359, 1965 MHz, 3996 MHz, 300.33 W, 33
2026/09/11 14:13:17.460, 1965 MHz, 3996 MHz, 293.65 W, 33
2026/09/11 14:13:17.560, 1965 MHz, 3996 MHz, 291.92 W, 35
2026/09/11 14:13:17.660, 1965 MHz, 3996 MHz, 293.64 W, 35
2026/09/11 14:13:17.760, 1965 MHz, 3996 MHz, 299.08 W, 36
2026/09/11 14:13:17.860, 1965 MHz, 3996 MHz, 298.52 W, 34
2026/09/11 14:13:17.960, 1965 MHz, 3996 MHz, 298.52 W, 34
2026/09/11 14:13:18.060, 1965 MHz, 3996 MHz, 299.44 W, 34
2026/09/11 14:13:18.160, 1965 MHz, 3996 MHz, 299.45 W, 33
2026/09/11 14:13:18.260, 1965 MHz, 3996 MHz, 299.44 W, 33
2026/09/11 14:13:18.361, 1965 MHz, 3996 MHz, 299.44 W, 33
2026/09/11 14:13:18.461, 1965 MHz, 3996 MHz, 299.43 W, 33
2026/09/11 14:13:18.561, 1965 MHz, 3996 MHz, 293.29 W, 34
2026/09/11 14:13:18.661, 1965 MHz, 3996 MHz, 291.53 W, 35
2026/09/11 14:13:18.761, 1965 MHz, 3996 MHz, 291.56 W, 35
2026/09/11 14:13:18.861, 1965 MHz, 3996 MHz, 303.28 W, 35
2026/09/11 14:13:18.961, 1965 MHz, 3996 MHz, 303.39 W, 34
2026/09/11 14:13:19.061, 1965 MHz, 3996 MHz, 304.45 W, 34
2026/09/11 14:13:19.161, 1965 MHz, 3996 MHz, 303.54 W, 33
2026/09/11 14:13:19.261, 1965 MHz, 3996 MHz, 304.60 W, 33
2026/09/11 14:13:19.362, 1965 MHz, 3996 MHz, 304.61 W, 33
2026/09/11 14:13:19.462, 1965 MHz, 3996 MHz, 304.63 W, 33
2026/09/11 14:13:19.562, 1965 MHz, 3996 MHz, 299.59 W, 33
2026/09/11 14:13:19.662, 1965 MHz, 3996 MHz, 298.15 W, 35
2026/09/11 14:13:19.762, 1965 MHz, 3996 MHz, 299.47 W, 35
2026/09/11 14:13:19.862, 1965 MHz, 3996 MHz, 299.67 W, 37
2026/09/11 14:13:19.962, 1965 MHz, 3996 MHz, 299.67 W, 37
